<?xml version="1.0" encoding="UTF-8" ?>
<!DOCTYPE mapper
        PUBLIC "-//mybatis.org//DTD Mapper 3.0//EN"
        "http://mybatis.org/dtd/mybatis-3-mapper.dtd">
<mapper namespace="com.second_kill.mapper.IDepositOrderMapper">

    <select id="getDepositOrder" resultType="com.second_kill.entity.DepositOrder">
        SELECT do.*, cl.username, do.number , do.total_price, do.good_name As name
        FROM deposit_order do,
        client cl
        WHERE cl.id = do.user_id
        AND #{id} = do.good_id
        <if test="orderId!=null">AND do.good_id = #{orderId}</if>
        <if test="username!=null">AND cl.username LIKE "%"#{username}"%"</if>
        <if test="startTime!=null">AND #{startTime}&lt;=do.create_time</if>
        <if test="endTime!=null">AND #{endTime}&gt;=do.create_time</if>
        LIMIT #{page}
        , #{size}
    </select>

    <select id="getAllOrder" resultType="com.second_kill.entity.DepositOrder">
        SELECT do.*, cl.username, do.number , do.total_price ,do.good_name As name
        FROM deposit_order do,
        client cl
        WHERE cl.id = do.user_id
        <if test="orderId!=null">AND do.id = #{orderId}</if>
        <if test="goodName!=null">AND do.good_name LIKE "%"#{goodName}"%"</if>
        <if test="startTime!=null">AND #{startTime}&lt;=do.create_time</if>
        <if test="endTime!=null">AND #{endTime}&gt;=do.create_time</if>
        LIMIT #{page},#{size}
    </select>
    <select id="getMaxOrderId" resultType="java.lang.Integer">
        SELECT `id`
        FROM deposit_order
        ORDER BY `id` DESC LIMIT 1
    </select>
    <select id="getClientOrder" resultType="com.second_kill.entity.DepositOrder">
        SELECT do.*, cl.username, do.number , do.total_price ,do.good_name As name
        FROM deposit_order do,
        client cl
        WHERE do.user_id = #{userId} AND cl.id=#{userId}
        <if test="orderId!=null">AND do.id = #{orderId}</if>
        <if test="goodName!=null">AND do.good_name LIKE "%"#{goodName}"%"</if>
        <if test="startTime!=null">AND #{startTime}&lt;=do.create_time</if>
        <if test="endTime!=null">AND #{endTime}&gt;=do.create_time</if>
        LIMIT #{page},#{size}
    </select>
    <select id="getOrderNumber" resultType="java.lang.Integer">
        SELECT COUNT("id")
        FROM deposit_order do,
        client cl
        WHERE cl.id = do.user_id
        <if test="orderId!=null">AND do.id = #{orderId}</if>
        <if test="goodName!=null">AND do.good_name LIKE "%"#{goodName}"%"</if>
        <if test="startTime!=null">AND #{startTime}&lt;=do.create_time</if>
        <if test="endTime!=null">AND #{endTime}&gt;=do.create_time</if>
    </select>
</mapper>